PC-PE-0001,Communication,Publicite,
PC-PI-0007,Communication,Relation_Publique_Presse,
PC-PI-0002,Communication,Relation_Publique_Presse,
PC-PI-0003,Communication,Relation_Publique_Presse,
PC-PI-0004,Communication,Relation_Publique_Presse,
PC-PI-0005,Communication,Publicite,
PC-PI-0006,Communication,Publicite,
PC-PI-0001,Communication,NA,
PC-PE-0002,Communication,Publicite,
PC-PI-0008,Communication,Publicite,
PC-PI-0009,Communication,Publicite,
PC-PI-0010,Communication,Publicite,
PC-PI-0011,Communication,Publicite,
PC-PI-0012,Communication,Publicite,
PC-PI-0013,Communication,Publicite,
PC-PI-0014,Communication,Publicite,
PC-PE-0003,Communication,Publicite,
PC-PI-0015,Communication,Publicite,
PC-PI-0016,Communication,Relation_Publique_Presse,
PC-PI-0017,Communication,Publicite,
PC-PI-0018,Direction_Financiere,Controle_Gestion,
PC-PI-0019,Direction_Financiere,Service_Comptabilite,
PC-PI-0020,Direction_Financiere,Controle_Gestion,
PC-PI-0021,Direction_Financiere,Controle_Gestion,
PC-PI-0022,Direction_Financiere,Controle_Gestion,
PC-PI-0023,Direction_Financiere,Finance,
PC-PI-0024,Direction_Financiere,Service_Comptabilite,
PC-PI-0025,Direction_Financiere,Finance,
PC-PI-0026,Direction_Financiere,Finance,
PC-PI-0027,Direction_Financiere,Controle_Gestion,
PC-PI-0028,Direction_Financiere,Finance,
PC-PI-0029,Direction_Financiere,Finance,
PC-PI-0030,Direction_Financiere,Finance,
PC-PI-0031,Direction_Financiere,Service_Comptabilite,
PC-PI-0032,Direction_Generale,NA,
PC-PI-0033,Direction_Generale,NA,
PC-PI-0034,Direction_Generale,NA,
PC-PI-0035,Direction_Generale,NA,
PC-PI-0036,Direction_Generale,NA,
PC-PI-0037,Direction_Generale,NA,
PC-PI-0038,Direction_Generale,NA,
PC-PI-0039,Direction_Generale,NA,
PC-PI-0040,Direction_Marketing,Marketing_Operationnel,
PC-PI-0041,Direction_Marketing,Marketing_Strategique,
PC-PI-0042,Direction_Marketing,Marketing_Operationnel,
PC-PI-0043,Direction_Marketing,Marketing_Digital,
PC-PI-0044,Direction_Marketing,Marketing_Produit,
PC-PI-0045,Direction_Marketing,Marketing_Digital,
PC-PI-0046,Direction_Marketing,Marketing_Digital,
PC-PI-0047,Direction_Marketing,Marketing_Operationnel,
PC-PI-0048,Direction_Marketing,Marketing_Operationnel,
PC-PI-0049,Direction_Marketing,Marketing_Operationnel,
PC-PI-0050,Direction_Marketing,Marketing_Produit,
PC-PI-0051,Direction_Marketing,Marketing_Operationnel,
PC-PI-0052,Direction_Marketing,Marketing_Strategique,
PC-PI-0053,Direction_Marketing,Marketing_Operationnel,
PC-PI-0054,Direction_Marketing,Marketing_Strategique,
PC-PI-0055,Direction_Marketing,Marketing_Strategique,
PC-PI-0056,Direction_Marketing,Marketing_Produit,
PC-PI-0057,Direction_Marketing,Marketing_Digital,
PC-PI-0058,Direction_Marketing,Marketing_Strategique,
PC-PI-0059,Direction_Marketing,Marketing_Operationnel,
PC-PI-0060,Direction_Marketing,Marketing_Produit,
PC-PI-0061,Direction_Marketing,Marketing_Strategique,
PC-PI-0062,Recherche_Developpement,Innovation_Strategie,
PC-PI-0063,Recherche_Developpement,Laboratoire,
PC-PI-0064,Recherche_Developpement,Innovation_Strategie,
PC-PI-0065,Recherche_Developpement,Laboratoire,
PC-PI-0066,Recherche_Developpement,Laboratoire,
PC-PI-0067,Recherche_Developpement,Innovation_Strategie,
PC-PI-0068,Recherche_Developpement,Innovation_Strategie,
PC-PI-0069,Recherche_Developpement,Innovation_Strategie,
PC-PI-0070,Recherche_Developpement,Laboratoire,
PC-PI-0071,Recherche_Developpement,Innovation_Strategie,
PC-PI-0072,Recherche_Developpement,Innovation_Strategie,
PC-PI-0073,Recherche_Developpement,Innovation_Strategie,
PC-PI-0074,Recherche_Developpement,Innovation_Strategie,
PC-PI-0075,Recherche_Developpement,Innovation_Strategie,
PC-PI-0076,Recherche_Developpement,Laboratoire,
PC-PI-0077,Recherche_Developpement,Innovation_Strategie,
PC-PI-0078,Recherche_Developpement,Innovation_Strategie,
PC-PI-0079,Recherche_Developpement,Innovation_Strategie,
PC-PI-0080,Recherche_Developpement,Innovation_Strategie,
PC-PI-0081,Recherche_Developpement,Innovation_Strategie,
PC-PI-0082,Recherche_Developpement,Innovation_Strategie,
PC-PI-0083,Recherche_Developpement,Innovation_Strategie,
PC-PI-0084,Recherche_Developpement,Innovation_Strategie,
PC-PI-0085,Recherche_Developpement,Innovation_Strategie,
PC-PI-0086,Recherche_Developpement,Innovation_Strategie,
PC-PI-0087,Recherche_Developpement,Innovation_Strategie,
PC-PI-0088,Recherche_Developpement,Innovation_Strategie,
PC-PI-0089,Recherche_Developpement,Innovation_Strategie,
PC-PI-0090,Recherche_Developpement,Innovation_Strategie,
PC-PI-0091,Ressources_Humaines,NA,
PC-PI-0092,Ressources_Humaines,Formation,
PC-PI-0093,Ressources_Humaines,Gestion_Performances,
PC-PI-0094,Ressources_Humaines,Gestion_Performances,
PC-PI-0095,Ressources_Humaines,Gestion_Performances,
PC-PI-0096,Ressources_Humaines,Gestion_Performances,
PC-PI-0097,Ressources_Humaines,Recrutement,
PC-PI-0098,Ressources_Humaines,Recrutement,
PC-PI-0099,Ressources_Humaines,Formation,
PC-PI-0100,Ressources_Humaines,Sante_Securite_Travail,
PC-PI-0101,Ressources_Humaines,Recrutement,
PC-PI-0102,Ressources_Humaines,Gestion_Performances,
PC-PI-0103,Ressources_Humaines,Sante_Securite_Travail,
PC-PI-0104,Ressources_Humaines,Sante_Securite_Travail,
PC-PI-0105,Ressources_Humaines,Gestion_Performances,
PC-PI-0106,Ressources_Humaines,Sante_Securite_Travail,
PC-PI-0107,Ressources_Humaines,Sante_Securite_Travail,
PC-PI-0108,Ressources_Humaines,Recrutement,
PC-PI-0109,Ressources_Humaines,Gestion_Performances,
PC-PI-0110,Ressources_Humaines,NA,
PC-PI-0111,Ressources_Humaines,Recrutement,
PC-PI-0112,Ressources_Humaines,Gestion_Performances,
PC-PI-0113,Ressources_Humaines,Formation,
PC-PI-0114,Ressources_Humaines,Recrutement,
PC-PI-0115,Services_Generaux,Logistique,
PC-PI-0116,Services_Generaux,Logistique,
PC-PI-0117,Services_Generaux,Logistique,
PC-PI-0118,Services_Generaux,Gestion_Immobiliere,
PC-PI-0119,Services_Generaux,Logistique,
PC-PI-0120,Services_Generaux,Logistique,
PC-PI-0121,Services_Generaux,Logistique,
PC-PI-0122,Services_Generaux,Logistique,
PC-PI-0123,Services_Generaux,Logistique,
PC-PI-0124,Services_Generaux,Gestion_Immobiliere,
PC-PI-0125,Services_Generaux,Logistique,
PC-PI-0126,Services_Generaux,Logistique,
PC-PI-0127,Service_Juridique,Contrats,
PC-PI-0128,Service_Juridique,Contrats,
PC-PI-0129,Service_Juridique,Contrats,
PC-PI-0130,Service_Juridique,Contrats,
PC-PI-0131,Service_Juridique,Contentieux,
PC-PI-0132,Service_Juridique,Contentieux,
PC-PI-0133,Service_Juridique,Contentieux,
PC-PI-0134,Service_Juridique,Contentieux,
PC-PI-0135,Systemes_Information,Developpement_Logiciel,
PC-PI-0136,Systemes_Information,Data,
PC-PI-0137,Systemes_Information,Developpement_Logiciel,
PC-PI-0138,Systemes_Information,NA,
PC-PI-0139,Systemes_Information,Data,
PC-PI-0140,Systemes_Information,Data,
PC-PI-0141,Ventes_Developpement_Commercial,ADV,
PC-PI-0142,Ventes_Developpement_Commercial,ADV,
PC-PI-0143,Ventes_Developpement_Commercial,ADV,
PC-PI-0144,Ventes_Developpement_Commercial,ADV,
PC-PI-0145,Ventes_Developpement_Commercial,ADV,
PC-PI-0146,Ventes_Developpement_Commercial,ADV,
PC-PI-0147,Ventes_Developpement_Commercial,ADV,
PC-PI-0148,Ventes_Developpement_Commercial,ADV,
PC-PI-0149,Ventes_Developpement_Commercial,B2B,
PC-PI-0150,Ventes_Developpement_Commercial,B2B,
PC-PI-0151,Ventes_Developpement_Commercial,B2B,
PC-PI-0152,Ventes_Developpement_Commercial,B2B,
PC-PI-0153,Ventes_Developpement_Commercial,B2B,
PC-PI-0154,Ventes_Developpement_Commercial,B2B,
PC-PI-0155,Ventes_Developpement_Commercial,B2B,
PC-PI-0156,Ventes_Developpement_Commercial,B2B,
PC-PI-0157,Ventes_Developpement_Commercial,B2B,
PC-PI-0158,Ventes_Developpement_Commercial,B2B,
PC-PI-0159,Ventes_Developpement_Commercial,B2B,
PC-PI-0160,Ventes_Developpement_Commercial,B2B,
PC-PI-0161,Ventes_Developpement_Commercial,B2C,
PC-PI-0162,Ventes_Developpement_Commercial,B2C,
PC-PI-0163,Ventes_Developpement_Commercial,B2C,
PC-PI-0164,Ventes_Developpement_Commercial,B2C,
PC-PI-0165,Ventes_Developpement_Commercial,B2C,
PC-PI-0166,Ventes_Developpement_Commercial,B2C,
PC-PI-0167,Ventes_Developpement_Commercial,Developpement_Internationnal,
PC-PI-0168,Ventes_Developpement_Commercial,Developpement_Internationnal,
PC-PI-0169,Ventes_Developpement_Commercial,Developpement_Internationnal,
PC-PI-0170,Ventes_Developpement_Commercial,Developpement_Internationnal,
PC-PI-0171,Ventes_Developpement_Commercial,Developpement_Internationnal,
PC-PI-0172,Ventes_Developpement_Commercial,Grands_Comptes,
PC-PI-0173,Ventes_Developpement_Commercial,Grands_Comptes,
PC-PI-0174,Ventes_Developpement_Commercial,Grands_Comptes,
PC-PI-0175,Ventes_Developpement_Commercial,Grands_Comptes,
PC-PI-0176,Ventes_Developpement_Commercial,Grands_Comptes,
PC-PI-0177,Ventes_Developpement_Commercial,Service_Achat,
PC-PI-0178,Ventes_Developpement_Commercial,Service_Achat,
PC-PI-0179,Ventes_Developpement_Commercial,Service_Achat,
PC-PI-0180,Ventes_Developpement_Commercial,Service_Achat,
PC-PI-0181,Ventes_Developpement_Commercial,Service_Achat,
PC-PI-0182,Ventes_Developpement_Commercial,Service_Client,
PC-PI-0183,Ventes_Developpement_Commercial,Service_Client,
PC-PI-0184,Ventes_Developpement_Commercial,Service_Client,
PC-PI-0185,Ventes_Developpement_Commercial,Service_Client,
PC-PI-0186,Ventes_Developpement_Commercial,Service_Client,
