Ariane;Kaine;Lyon;Communication;Publicite;21/07/1998;-;-
Alice;Perrin;Lyon;Communication;Relation_Publique_Presse;13/02/2000;0443210987;0767977011
L√©a;Gagnon;Lyon;Communication;Relation_Publique_Presse;16/08/1970;0445678901;0728712373
Adrian;Schultz;Lyon;Communication;Relation_Publique_Presse;31/05/1998;0440987654;0796563135
Carlos;Alvarez;Lyon;Communication;Relation_Publique_Presse;07/03/1984;0412345678;0617625864
Felix;Hoffmann;Lyon;Communication;Publicite;24/09/1985;0423456789;0757867820
Val√©rie;Houddin;Lyon;Communication;Publicite;10/09/1989;0456789012;0788510223
Valentina;Ferrari;Lyon;Communication;NA;28/06/1988;0440987654;0666052403
Jean-Pascal;Millith;Lyon;Communication;Publicite;07/03/1997;-;-
Henri;Lambert;Lyon;Communication;Publicite;12/01/1998;0421098765;0733857081
Pauline;Blanc;Lyon;Communication;Publicite;29/04/1991;0476543210;0725602768
Elodie;Boucher;Lyon;Communication;Publicite;24/04/1993;0412345678;0682347056
Am√©lie;Fournier;Lyon;Communication;Publicite;12/10/1975;0467890123;0639019377
Giovanni;Moretti;Lyon;Communication;Publicite;13/05/1999;0432109876;0771068451
No√©mie;Pichon;Lyon;Communication;Publicite;29/01/1978;0432109876;0789291227
Marco;Ricci;Lyon;Communication;Publicite;30/07/1985;0445678901;0749269032
Jean;Maire;Lyon;Communication;Publicite;08/12/1987;-;0645220384
Luca;Rizzo;Lyon;Communication;Publicite;12/09/1978;0487654321;0627924335
Alexandre;Chevalier;Lyon;Communication;Relation_Publique_Presse;06/02/1972;0456789012;0776144596
Charlotte;Giroux;Lyon;Communication;Publicite;14/02/1980;0434567890;0776098470
Quentin;Blanchard;Lyon;Direction_Financiere;Controle_Gestion;01/09/1982;0487654321;-
Estelle;Dubois;Lyon;Direction_Financiere;Service_Comptabilite;24/01/1985;0456789012;-
Louis;Dupont;Lyon;Direction_Financiere;Controle_Gestion;10/09/1989;0423456789;-
Zo√©;Dupuis;Lyon;Direction_Financiere;Controle_Gestion;30/10/1972;0434567890;-
Ana√Øs;Fontaine;Lyon;Direction_Financiere;Controle_Gestion;02/01/1996;0445678901;-
Justine;Fontaine;Lyon;Direction_Financiere;Finance;10/12/1993;0467890123;-
Romain;Gauthier;Lyon;Direction_Financiere;Service_Comptabilite;03/01/1984;0421098765;-
Victor;Lemoine;Lyon;Direction_Financiere;Finance;11/11/1977;0421098765;-
Gabriel;Mercier;Lyon;Direction_Financiere;Finance;29/06/1987;0412345678;-
Eva;Meyer;Lyon;Direction_Financiere;Controle_Gestion;03/04/1990;0434567890;-
Leon;M√ºller;Lyon;Direction_Financiere;Finance;21/03/1990;0476543210;-
Morgane;Palaiseau;Lyon;Direction_Financiere;Finance;01/11/1983;0412345678;-
Aur√©lie;Petit;Lyon;Direction_Financiere;Finance;04/02/1991;0476543210;0755275775
Mathieu;Roux;Lyon;Direction_Financiere;Service_Comptabilite;22/07/1998;0487654321;-
Gilles;Faure;Lyon;Direction_Generale;NA;26/05/1970;0421098765;0702448459
Fanny;Garnier;Lyon;Direction_Generale;NA;24/01/1973;0412345678;0612078045
Juliette;Guerin;Lyon;Direction_Generale;NA;19/03/1988;0487654321;0676933767
Laure;Henry;Lyon;Direction_Generale;NA;17/04/1985;0412345678;0606523189
Mia;Heschklaesh;Lyon;Direction_Generale;NA;24/06/1992;0456789012;0656297307
√âmile;Legrand;Lyon;Direction_Generale;NA;01/08/1981;0440987654;0668784704
K√©vin;Muller;Lyon;Direction_Generale;NA;21/01/1974;0445678901;0632826644
H√©l√®ne;Rousseau;Lyon;Direction_Generale;NA;05/04/1974;0432109876;0798576239
√âdouard;Boulanger;Lyon;Direction_Marketing;Marketing_Operationnel;15/03/1988;0476543210;0699850248
Vanessa;Boyer;Lyon;Direction_Marketing;Marketing_Strategique;27/12/1984;0412345678;0637936280
Danielle;Carpentier;Lyon;Direction_Marketing;Marketing_Operationnel;08/07/1974;0467890123;0674484733
Sylvie;Charpentier;Lyon;Direction_Marketing;Marketing_Digital;13/04/1971;0445678901;0609992482
Kylian;Chauvin;Lyon;Direction_Marketing;Marketing_Produit;30/04/1991;0434567890;0735615585
Ulrich;Da Silva;Lyon;Direction_Marketing;Marketing_Digital;24/06/1970;0423456789;0760489146
R√©mi;Deschamps;Lyon;Direction_Marketing;Marketing_Digital;25/02/1975;0456789012;0777610318
Charles;Fernandez;Lyon;Direction_Marketing;Marketing_Operationnel;26/07/1972;0423456789;0632850032
Justine;Gallet;Lyon;Direction_Marketing;Marketing_Operationnel;14/09/1973;0434567890;0689838313
Ga√´l;Garnier;Lyon;Direction_Marketing;Marketing_Operationnel;22/08/1989;0476543210;0616096309
Paulette;Huet;Lyon;Direction_Marketing;Marketing_Produit;25/07/1989;0456789012;0791316893
Igor;Lapierre;Lyon;Direction_Marketing;Marketing_Operationnel;03/07/1975;0421098765;0787838091
Xena;Leblanc;Lyon;Direction_Marketing;Marketing_Strategique;25/09/1971;0421098765;0752205346
Flore;Leclercq;Lyon;Direction_Marketing;Marketing_Operationnel;24/01/1985;0432109876;0629601834
Brigitte;Lucas;Lyon;Direction_Marketing;Marketing_Strategique;16/04/2000;0412345678;0798083548
Walter;Maillard;Lyon;Direction_Marketing;Marketing_Strategique;16/08/1981;0487654321;0785225605
Olivier;Marechal;Lyon;Direction_Marketing;Marketing_Produit;04/02/1976;0487654321;0763563050
Tristan;Marie;Lyon;Direction_Marketing;Marketing_Digital;24/07/1975;0445678901;0648458518
Amaury;Meyer;Lyon;Direction_Marketing;Marketing_Strategique;02/02/2000;0412345678;0669097724
Hortense;Morvan;Lyon;Direction_Marketing;Marketing_Operationnel;14/08/1975;0434567890;0793763664
Nina;Pichon;Lyon;Direction_Marketing;Marketing_Produit;16/09/1980;0476543210;0613794690
Zoel;Roger;Lyon;Direction_Marketing;Marketing_Strategique;31/07/1983;0440987654;0733111117
Aisha;Abdullah;Lyon;Recherche_Developpement;Innovation_Strategie;09/10/1983;0476543210;-
Nora;Al-Hassan;Lyon;Recherche_Developpement;Laboratoire;24/01/1987;0412345678;0694122527
Xander;Bailly;Lyon;Recherche_Developpement;Innovation_Strategie;31/07/1997;0476543210;-
Kai;Chen;Lyon;Recherche_Developpement;Laboratoire;30/12/1979;0456789012;-
Leila;Da Silva;Lyon;Recherche_Developpement;Laboratoire;18/06/1986;0476543210;-
Youssef;El Amrani;Lyon;Recherche_Developpement;Innovation_Strategie;12/12/1977;0445678901;-
Jean-pierre;Gadere;Lyon;Recherche_Developpement;Innovation_Strategie;07/11/1988;0412345678;-
Maria;Garcia;Lyon;Recherche_Developpement;Innovation_Strategie;02/03/1971;0412345678;-
Alejandro;Gomez;Lyon;Recherche_Developpement;Laboratoire;30/12/1995;0445678901;-
Yolande;Gros;Lyon;Recherche_Developpement;Innovation_Strategie;25/09/1980;0421098765;-
Juan;Hernandez;Lyon;Recherche_Developpement;Innovation_Strategie;20/11/1987;0412345678;-
Soffia;Itsch;Lyon;Recherche_Developpement;Innovation_Strategie;18/12/1985;0476543210;-
Katya;Ivanov;Lyon;Recherche_Developpement;Innovation_Strategie;05/07/1979;0434567890;-
Ahmed;Khalid;Lyon;Recherche_Developpement;Innovation_Strategie;11/08/1990;0421098765;-
Nina;Kovaƒçeviƒá;Lyon;Recherche_Developpement;Laboratoire;20/04/1990;0412345678;-
Willy;Le Roux;Lyon;Recherche_Developpement;Innovation_Strategie;12/12/1997;0423456789;-
Ibrahim;Lebn';Lyon;Recherche_Developpement;Innovation_Strategie;30/06/1973;0434567890;-
Natasha;Lereculey;Lyon;Recherche_Developpement;Innovation_Strategie;23/09/1975;0421098765;-
Chang;Li;Lyon;Recherche_Developpement;Innovation_Strategie;26/05/1977;0434567890;-
Mia;Nguyen;Lyon;Recherche_Developpement;Innovation_Strategie;30/12/1978;0432109876;-
Jamal;Nkrumah;Lyon;Recherche_Developpement;Innovation_Strategie;14/02/1992;0423456789;-
Liam;O'Connor;Lyon;Recherche_Developpement;Innovation_Strategie;28/05/1979;0440987654;-
Aya;Patel;Lyon;Recherche_Developpement;Innovation_Strategie;28/08/1974;0434567890;-
Paul;Perrin;Lyon;Recherche_Developpement;Innovation_Strategie;24/01/1971;0434567890;-
Victoria;Perrot;Lyon;Recherche_Developpement;Innovation_Strategie;28/02/1972;0467890123;-
Ivan;Petrov;Lyon;Recherche_Developpement;Innovation_Strategie;26/07/1973;0487654321;-
Ziad;Prevost;Lyon;Recherche_Developpement;Innovation_Strategie;16/07/1999;0412345678;-
Ines;Rex;Lyon;Recherche_Developpement;Innovation_Strategie;15/04/1982;0487654321;-
Sofia;Rodriguez;Lyon;Recherche_Developpement;Innovation_Strategie;07/03/1994;0456789012;0667856189
Kelly;Arnaud;Lyon;Ressources_Humaines;NA;26/11/1988;0476543210;0770673819
Myriam;Aubert;Lyon;Ressources_Humaines;Formation;25/06/1990;0421098765;0731355860
Jordan;Barbier;Lyon;Ressources_Humaines;Gestion_Performances;14/11/1970;0487654321;-
Delphine;Boucher;Lyon;Ressources_Humaines;Gestion_Performances;14/11/1998;0434567890;-
√âtienne;Brun;Lyon;Ressources_Humaines;Gestion_Performances;12/02/1992;0412345678;-
C√©dric;Caron;Lyon;Ressources_Humaines;Gestion_Performances;21/12/1998;0456789012;-
Xenia;Chevalier;Lyon;Ressources_Humaines;Recrutement;31/07/1985;0412345678;-
Yves;Colin;Lyon;Ressources_Humaines;Recrutement;06/12/1999;0440987654;-
Noah;Dumas;Lyon;Ressources_Humaines;Formation;20/01/1975;0421098765;0681305279
Rayan;Fontaine;Lyon;Ressources_Humaines;Sante_Securite_Travail;31/05/1998;0432109876;0753814244
Wendy;Fontaine;Lyon;Ressources_Humaines;Recrutement;26/08/1973;0445678901;-
Genevi√®ve;Giraud;Lyon;Ressources_Humaines;Gestion_Performances;23/03/1978;0421098765;-
Timoth√©e;Guillot;Lyon;Ressources_Humaines;Sante_Securite_Travail;25/11/1991;0412345678;0665661105
Uriel;Hubert;Lyon;Ressources_Humaines;Sante_Securite_Travail;26/02/1984;0434567890;0655179627
Henri;Joly;Lyon;Ressources_Humaines;Gestion_Performances;10/03/1974;0423456789;-
Paul;Lacombe;Lyon;Ressources_Humaines;Sante_Securite_Travail;26/04/1983;0487654321;0696681410
Sara;Lebrun;Lyon;Ressources_Humaines;Sante_Securite_Travail;08/01/1977;0412345678;0647307941
Zacharie;Leclerc;Lyon;Ressources_Humaines;Recrutement;25/09/1989;0432109876;-
Ir√®ne;Lemoine;Lyon;Ressources_Humaines;Gestion_Performances;06/04/1983;0476543210;-
Lionel;Marchand;Lyon;Ressources_Humaines;NA;08/11/1989;0445678901;0689914715
Antoine;Poirier;Lyon;Ressources_Humaines;Recrutement;04/04/1993;0434567890;-
Nordman;Polock;Lyon;Ressources_Humaines;Gestion_Performances;15/06/1999;0443210987;-
Oph√©lie;Poulin;Lyon;Ressources_Humaines;Formation;17/05/1980;0445678901;0675781283
Blanche;Renaud;Lyon;Ressources_Humaines;Recrutement;29/04/1977;0487654321;-
Mohamed;Al-Amin;Lyon;Services_Generaux;Logistique;29/11/1998;0467890123;0604266370
Isabella;Da Silva;Lyon;Services_Generaux;Logistique;05/11/1976;0440987654;0766638327
Baptiste;Gros;Lyon;Services_Generaux;Logistique;02/10/1989;0412345678;0764635179
Elena;Ivanova;Lyon;Services_Generaux;Gestion_Immobiliere;09/12/1992;0445678901;-
Nathan;Le Roux;Lyon;Services_Generaux;Logistique;02/10/1989;0412345678;0630771729
No√©mie;Lerocher;Lyon;Services_Generaux;Logistique;01/04/1999;0432109876;0698121096
Julien;Marie;Lyon;Services_Generaux;Logistique;11/09/1992;0476543210;0725806448
J√©r√¥me;Perrot;Lyon;Services_Generaux;Logistique;17/11/1980;0421098765;0734782819
Charlotte;Prevost;Lyon;Services_Generaux;Logistique;08/03/1970;0421098765;0702281809
Arjun;Singh;Lyon;Services_Generaux;Gestion_Immobiliere;23/07/1982;0456789012;-
Amelia;Smith;Lyon;Services_Generaux;Logistique;17/12/1970;0456789012;0686930017
Hiroto;Takahashi;Lyon;Services_Generaux;Logistique;31/08/1975;0487654321;0603807402
Sophie;Clement;Lyon;Service_Juridique;Contrats;15/06/1998;0476543210;0773550482
Ugo;Dumont;Lyon;Service_Juridique;Contrats;22/05/1976;0423456789;-
Thomas;Gauthier;Lyon;Service_Juridique;Contrats;15/02/1994;0434567890;-
V√©ronique;Lopez;Lyon;Service_Juridique;Contrats;28/02/1974;0434567890;-
Romain;Mathieu;Lyon;Service_Juridique;Contentieux;18/04/1982;0445678901;-
Patricia;Morin;Lyon;Service_Juridique;Contentieux;07/09/1981;0412345678;-
Nathalie;Nicolas;Lyon;Service_Juridique;Contentieux;14/07/1974;0421098765;-
Oscar;Perrin;Lyon;Service_Juridique;Contentieux;04/08/1998;0487654321;-
B√©atrice;Bonnet;Lyon;SystËmes d'Information;Developpement_Logiciel;20/10/1999;0421098765;-
Pierre;David;Lyon;SystËmes d'Information;Data;23/12/1989;0456789012;-
Cyril;Fran√ßois;Lyon;SystËmes d'Information;Developpement_Logiciel;31/01/1989;0487654321;-
Tina;Le Hecourt;Lyon;SystËmes d'Information;NA;19/06/1986;0476543210;0699164527
Hassan;Liffite;Lyon;SystËmes d'Information;Data;13/09/1995;0467890123;-
Rosalie;Roux;Lyon;SystËmes d'Information;Data;20/12/1997;0456789012;-
Nicolas;Bertrand;Lyon;Ventes_Developpment_Commercial;ADV;30/05/1991;0476543210;0785401077
Juliette;Bonnet;Lyon;Ventes_Developpment_Commercial;ADV;11/03/1983;0445678901;0768119524
Camille;Fournier;Lyon;Ventes_Developpment_Commercial;ADV;20/09/1970;0456789012;0705492767
√âlise;Fran√ßois;Lyon;Ventes_Developpment_Commercial;ADV;03/03/1995;0487654321;0701519889
Julie;Garcia;Lyon;Ventes_Developpment_Commercial;ADV;24/06/1976;0412345678;0686992516
Thomas;Girard;Lyon;Ventes_Developpment_Commercial;ADV;10/04/1977;0412345678;0718755210
Antoine;Lambert;Lyon;Ventes_Developpment_Commercial;ADV;17/03/1990;0487654321;0602772816
Louis;Laurent;Lyon;Ventes_Developpment_Commercial;ADV;05/08/1976;0423456789;0668251481
Laura;David;Lyon;Ventes_Developpment_Commercial;B2B;22/03/1971;0440987654;0791275326
Clara;Dubois;Lyon;Ventes_Developpment_Commercial;B2B;30/03/1991;0476543210;0611551242
Libou;Khamin;Lyon;Ventes_Developpment_Commercial;B2B;16/08/1989;0432109876;0698556201
Jessy;Lair;Lyon;Ventes_Developpment_Commercial;B2B;16/04/1971;0440987654;0633376803
Th√©o;Laurent;Lyon;Ventes_Developpment_Commercial;B2B;28/05/1988;0421098765;0754982135
√àsteban;Lomez;Lyon;Ventes_Developpment_Commercial;B2B;30/08/1976;0423456789;0778840637
Jeremy;Lorrain;Lyon;Ventes_Developpment_Commercial;B2B;05/04/1979;0412345678;0788960245
Alice;Martin;Lyon;Ventes_Developpment_Commercial;B2B;04/05/1989;0456789012;0792624936
Andr√©a;Marton;Lyon;Ventes_Developpment_Commercial;B2B;22/12/1995;0445678901;0685410356
L√©a;Michel;Lyon;Ventes_Developpment_Commercial;B2B;28/08/1979;0434567890;0612044334
Elena;Robert;Lyon;Ventes_Developpment_Commercial;B2B;06/01/1990;0487654321;0635656037
David;Thomas;Lyon;Ventes_Developpment_Commercial;B2B;30/12/1989;0467890123;0611737329
Hugo;Durand;Lyon;Ventes_Developpment_Commercial;B2C;13/01/1974;0445678901;0676900215
Isabelle;Leroy;Lyon;Ventes_Developpment_Commercial;B2C;11/07/1982;0412345678;0635913014
J√©r√¥me;Moreau;Lyon;Ventes_Developpment_Commercial;B2C;15/02/1981;0445678901;0743570154
Gabrielle;Petit;Lyon;Ventes_Developpment_Commercial;B2C;08/06/1984;0476543210;0752201129
Fabien;Richard;Lyon;Ventes_Developpment_Commercial;B2C;25/01/1994;0412345678;0625993239
Karine;Simon;Lyon;Ventes_Developpment_Commercial;B2C;09/08/1998;0421098765;0615375578
Chlo√©;Bernard;Lyon;Ventes_Developpment_Commercial;Developpement_Internationnal;05/02/1988;0456789012;0631423219
Sarah;Durand;Lyon;Ventes_Developpment_Commercial;Developpement_Internationnal;27/06/1973;0476543210;0744720692
Hugo;Leroy;Lyon;Ventes_Developpment_Commercial;Developpement_Internationnal;21/10/1995;0421098765;0799311104
Alice;Moreau;Lyon;Ventes_Developpment_Commercial;Developpement_Internationnal;14/03/1976;0432109876;0737563611
Maxime;Petit;Lyon;Ventes_Developpment_Commercial;Developpement_Internationnal;14/07/1980;0434567890;0724827047
Emma;Dupont;Lyon;Ventes_Developpment_Commercial;Grands_Comptes;18/06/1987;0487654321;0710917834
Olivia;Garcia;Lyon;Ventes_Developpment_Commercial;Grands_Comptes;03/01/1976;0456789012;0723385865
M√©lanie;Lefebvre;Lyon;Ventes_Developpment_Commercial;Grands_Comptes;06/12/1973;0456789012;0779466973
Lucas;Martin;Lyon;Ventes_Developpment_Commercial;Grands_Comptes;09/08/1986;0467890123;0634335136
Olga;√út;Lyon;Ventes_Developpment_Commercial;Grands_Comptes;22/02/1971;0412345678;0729966375
Luna;Garc√≠a;Lyon;Ventes_Developpment_Commercial;Service_Achat;05/12/1999;0434567890;0740080910
Oliver;Johnson;Lyon;Ventes_Developpment_Commercial;Service_Achat;16/02/1991;0434567890;0733632584
Dmitri;Orlov;Lyon;Ventes_Developpment_Commercial;Service_Achat;12/07/1982;0432109876;0665247366
Marc;Roussel;Lyon;Ventes_Developpment_Commercial;Service_Achat;20/06/1985;0476543210;0704322288
Fatima;Zahra;Lyon;Ventes_Developpment_Commercial;Service_Achat;21/06/1978;0445678901;0698997028
Rapha√´l;Lefebvre;Lyon;Ventes_Developpment_Commercial;Service_Client;03/02/1973;0467890123;0681608883
Marie;Leroux;Lyon;Ventes_Developpment_Commercial;Service_Client;06/06/1981;0456789012;0686781565
Mathieu;Morel;Lyon;Ventes_Developpment_Commercial;Service_Client;15/05/1987;0412345678;0764889123
Alexandre;Roux;Lyon;Ventes_Developpment_Commercial;Service_Client;05/09/1993;0421098765;0730476005
Manon;Vincent;Lyon;Ventes_Developpment_Commercial;Service_Client;13/04/1974;0440987654;0749174856
;;;;;;;
;;;;;;;
;;;;;;;
;;;;;;;
;;;;;;;
;;;;;;;
;;;;;;;
;;;;;;;
;;;;;;;
;;;;;;;
;;;;;;;
;;;;;;;
;;;;;;;
;;;;;;;
;;;;;;;
;;;;;;;
;;;;;;;
;;;;;;;
;;;;;;;
;;;;;;;
;;;;;;;
;;;;;;;
;;;;;;;
;;;;;;;
;;;;;;;
;;;;;;;
;;;;;;;
;;;;;;;
;;;;;;;
;;;;;;;
;;;;;;;
;;;;;;;
;;;;;;;
;;;;;;;
;;;;;;;
;;;;;;;
;;;;;;;
;;;;;;;
;;;;;;;
;;;;;;;
;;;;;;;
;;;;;;;
;;;;;;;
;;;;;;;
;;;;;;;
;;;;;;;
;;;;;;;
;;;;;;;
;;;;;;;
;;;;;;;
;;;;;;;
;;;;;;;
;;;;;;;
;;;;;;;
;;;;;;;
;;;;;;;
;;;;;;;
;;;;;;;
;;;;;;;
;;;;;;;
;;;;;;;
;;;;;;;
;;;;;;;
;;;;;;;
;;;;;;;
;;;;;;;
;;;;;;;
;;;;;;;
;;;;;;;
;;;;;;;
;;;;;;;
;;;;;;;
;;;;;;;
;;;;;;;
;;;;;;;
;;;;;;;
;;;;;;;
;;;;;;;
;;;;;;;
;;;;;;;
;;;;;;;
;;;;;;;
;;;;;;;
;;;;;;;
;;;;;;;
;;;;;;;
;;;;;;;
;;;;;;;
;;;;;;;
;;;;;;;
;;;;;;;
;;;;;;;
;;;;;;;
;;;;;;;
;;;;;;;
;;;;;;;
;;;;;;;
;;;;;;;
;;;;;;;
;;;;;;;
;;;;;;;
;;;;;;;
;;;;;;;
;;;;;;;
;;;;;;;
;;;;;;;
;;;;;;;
;;;;;;;
;;;;;;;
;;;;;;;
;;;;;;;
;;;;;;;
;;;;;;;
;;;;;;;
;;;;;;;
;;;;;;;
;;;;;;;
;;;;;;;
;;;;;;;
;;;;;;;
;;;;;;;
;;;;;;;
;;;;;;;
;;;;;;;
;;;;;;;
;;;;;;;
;;;;;;;
;;;;;;;
;;;;;;;
;;;;;;;
;;;;;;;
;;;;;;;
;;;;;;;
;;;;;;;
;;;;;;;
;;;;;;;
;;;;;;;
;;;;;;;
;;;;;;;
;;;;;;;
;;;;;;;
;;;;;;;
;;;;;;;
;;;;;;;
;;;;;;;
;;;;;;;
;;;;;;;
;;;;;;;
;;;;;;;
;;;;;;;
;;;;;;;
;;;;;;;
;;;;;;;
;;;;;;;
;;;;;;;
;;;;;;;
;;;;;;;
;;;;;;;
;;;;;;;
;;;;;;;
;;;;;;;
;;;;;;;
;;;;;;;
;;;;;;;
;;;;;;;
;;;;;;;
;;;;;;;
;;;;;;;
;;;;;;;
;;;;;;;
;;;;;;;
;;;;;;;
;;;;;;;
;;;;;;;
;;;;;;;
;;;;;;;
;;;;;;;
;;;;;;;
;;;;;;;
;;;;;;;
;;;;;;;
;;;;;;;
;;;;;;;
;;;;;;;
;;;;;;;
;;;;;;;
;;;;;;;
;;;;;;;
;;;;;;;
;;;;;;;
;;;;;;;
;;;;;;;
;;;;;;;
;;;;;;;
;;;;;;;
;;;;;;;
;;;;;;;
;;;;;;;
;;;;;;;
;;;;;;;
;;;;;;;
;;;;;;;
;;;;;;;
;;;;;;;
;;;;;;;
;;;;;;;
;;;;;;;
;;;;;;;
;;;;;;;
;;;;;;;
;;;;;;;
;;;;;;;
;;;;;;;
;;;;;;;
;;;;;;;
;;;;;;;
;;;;;;;
;;;;;;;
;;;;;;;
;;;;;;;
;;;;;;;
;;;;;;;
;;;;;;;
;;;;;;;
;;;;;;;
;;;;;;;
;;;;;;;
;;;;;;;
;;;;;;;
;;;;;;;
;;;;;;;
;;;;;;;
;;;;;;;
;;;;;;;
;;;;;;;
;;;;;;;
;;;;;;;
;;;;;;;
;;;;;;;
;;;;;;;
;;;;;;;
;;;;;;;
;;;;;;;
;;;;;;;
;;;;;;;
;;;;;;;
;;;;;;;
;;;;;;;
;;;;;;;
;;;;;;;
;;;;;;;
;;;;;;;
;;;;;;;
;;;;;;;
;;;;;;;
;;;;;;;
;;;;;;;
;;;;;;;
;;;;;;;
;;;;;;;
;;;;;;;
;;;;;;;
;;;;;;;
;;;;;;;
;;;;;;;
;;;;;;;
;;;;;;;
;;;;;;;
;;;;;;;
;;;;;;;
;;;;;;;
;;;;;;;
;;;;;;;
;;;;;;;
;;;;;;;
;;;;;;;
;;;;;;;
;;;;;;;
;;;;;;;
;;;;;;;
;;;;;;;
;;;;;;;
;;;;;;;
;;;;;;;
;;;;;;;
;;;;;;;
;;;;;;;
;;;;;;;
;;;;;;;
;;;;;;;
;;;;;;;
;;;;;;;
;;;;;;;
;;;;;;;
;;;;;;;
;;;;;;;
;;;;;;;
;;;;;;;
;;;;;;;
;;;;;;;
;;;;;;;
;;;;;;;
;;;;;;;
;;;;;;;
;;;;;;;
;;;;;;;
;;;;;;;
;;;;;;;
;;;;;;;
;;;;;;;
;;;;;;;
;;;;;;;
;;;;;;;
;;;;;;;
;;;;;;;
;;;;;;;
;;;;;;;
;;;;;;;
;;;;;;;
;;;;;;;
;;;;;;;
;;;;;;;
;;;;;;;
;;;;;;;
;;;;;;;
;;;;;;;
;;;;;;;
;;;;;;;
;;;;;;;
;;;;;;;
;;;;;;;
;;;;;;;
;;;;;;;
;;;;;;;
;;;;;;;
;;;;;;;
;;;;;;;
;;;;;;;
;;;;;;;
;;;;;;;
;;;;;;;
;;;;;;;
;;;;;;;
;;;;;;;
;;;;;;;
;;;;;;;
;;;;;;;
;;;;;;;
;;;;;;;
;;;;;;;
;;;;;;;
;;;;;;;
;;;;;;;
;;;;;;;
;;;;;;;
;;;;;;;
;;;;;;;
;;;;;;;
;;;;;;;
;;;;;;;
;;;;;;;
;;;;;;;
;;;;;;;
;;;;;;;
;;;;;;;
;;;;;;;
;;;;;;;
;;;;;;;
;;;;;;;
;;;;;;;
;;;;;;;
;;;;;;;
;;;;;;;
;;;;;;;
;;;;;;;
;;;;;;;
;;;;;;;
;;;;;;;
;;;;;;;
;;;;;;;
;;;;;;;
;;;;;;;
;;;;;;;
;;;;;;;
;;;;;;;
;;;;;;;
;;;;;;;
;;;;;;;
;;;;;;;
;;;;;;;
;;;;;;;
;;;;;;;
;;;;;;;
;;;;;;;
;;;;;;;
;;;;;;;
;;;;;;;
;;;;;;;
;;;;;;;
;;;;;;;
;;;;;;;
;;;;;;;
;;;;;;;
;;;;;;;
;;;;;;;
;;;;;;;
;;;;;;;
;;;;;;;
;;;;;;;
;;;;;;;
;;;;;;;
;;;;;;;
;;;;;;;
;;;;;;;
;;;;;;;
;;;;;;;
;;;;;;;
;;;;;;;
;;;;;;;
;;;;;;;
;;;;;;;
;;;;;;;
;;;;;;;
;;;;;;;
;;;;;;;
;;;;;;;
;;;;;;;
;;;;;;;
;;;;;;;
;;;;;;;
;;;;;;;
;;;;;;;
;;;;;;;
;;;;;;;
;;;;;;;
;;;;;;;
;;;;;;;
;;;;;;;
;;;;;;;
;;;;;;;
;;;;;;;
;;;;;;;
;;;;;;;
;;;;;;;
;;;;;;;
;;;;;;;
;;;;;;;
;;;;;;;
;;;;;;;
;;;;;;;
;;;;;;;
;;;;;;;
;;;;;;;
;;;;;;;
;;;;;;;
;;;;;;;
;;;;;;;
;;;;;;;
;;;;;;;
;;;;;;;
;;;;;;;
;;;;;;;
;;;;;;;
;;;;;;;
;;;;;;;
;;;;;;;
;;;;;;;
;;;;;;;
;;;;;;;
;;;;;;;
;;;;;;;
;;;;;;;
;;;;;;;
;;;;;;;
;;;;;;;
;;;;;;;
;;;;;;;
;;;;;;;
;;;;;;;
;;;;;;;
;;;;;;;
;;;;;;;
;;;;;;;
;;;;;;;
;;;;;;;
;;;;;;;
;;;;;;;
;;;;;;;
;;;;;;;
;;;;;;;
;;;;;;;
;;;;;;;
;;;;;;;
;;;;;;;
;;;;;;;
;;;;;;;
;;;;;;;
;;;;;;;
;;;;;;;
;;;;;;;
;;;;;;;
;;;;;;;
;;;;;;;
;;;;;;;
;;;;;;;
;;;;;;;
;;;;;;;
;;;;;;;
;;;;;;;
;;;;;;;
;;;;;;;
;;;;;;;
;;;;;;;
;;;;;;;
;;;;;;;
;;;;;;;
;;;;;;;
;;;;;;;
;;;;;;;
;;;;;;;
;;;;;;;
;;;;;;;
;;;;;;;
;;;;;;;
;;;;;;;
;;;;;;;
;;;;;;;
;;;;;;;
;;;;;;;
;;;;;;;
;;;;;;;
;;;;;;;
;;;;;;;
;;;;;;;
;;;;;;;
;;;;;;;
;;;;;;;
;;;;;;;
;;;;;;;
;;;;;;;
;;;;;;;
;;;;;;;
;;;;;;;
;;;;;;;
;;;;;;;
;;;;;;;
;;;;;;;
;;;;;;;
;;;;;;;
;;;;;;;
;;;;;;;
;;;;;;;
;;;;;;;
;;;;;;;
;;;;;;;
;;;;;;;
;;;;;;;
;;;;;;;
;;;;;;;
;;;;;;;
;;;;;;;
;;;;;;;
;;;;;;;
;;;;;;;
;;;;;;;
;;;;;;;
;;;;;;;
;;;;;;;
;;;;;;;
;;;;;;;
;;;;;;;
;;;;;;;
;;;;;;;
;;;;;;;
;;;;;;;
;;;;;;;
;;;;;;;
;;;;;;;
;;;;;;;
;;;;;;;
;;;;;;;
;;;;;;;
;;;;;;;
;;;;;;;
;;;;;;;
;;;;;;;
;;;;;;;
;;;;;;;
;;;;;;;
;;;;;;;
;;;;;;;
;;;;;;;
;;;;;;;
;;;;;;;
;;;;;;;
;;;;;;;
;;;;;;;
;;;;;;;
;;;;;;;
;;;;;;;
;;;;;;;
;;;;;;;
;;;;;;;
;;;;;;;
;;;;;;;
;;;;;;;
;;;;;;;
;;;;;;;
;;;;;;;
;;;;;;;
;;;;;;;
;;;;;;;
;;;;;;;
;;;;;;;
;;;;;;;
;;;;;;;
;;;;;;;
;;;;;;;
;;;;;;;
;;;;;;;
;;;;;;;
;;;;;;;
;;;;;;;
;;;;;;;
;;;;;;;
;;;;;;;
;;;;;;;
;;;;;;;
;;;;;;;
;;;;;;;
;;;;;;;
;;;;;;;
;;;;;;;
;;;;;;;
;;;;;;;
;;;;;;;
;;;;;;;
;;;;;;;
;;;;;;;
;;;;;;;
;;;;;;;
;;;;;;;
;;;;;;;
;;;;;;;
;;;;;;;
;;;;;;;
;;;;;;;
;;;;;;;
;;;;;;;
;;;;;;;
;;;;;;;
;;;;;;;
;;;;;;;
;;;;;;;
;;;;;;;
;;;;;;;
;;;;;;;
;;;;;;;
;;;;;;;
;;;;;;;
;;;;;;;
;;;;;;;
;;;;;;;
;;;;;;;
;;;;;;;
;;;;;;;
;;;;;;;
;;;;;;;
;;;;;;;
;;;;;;;
;;;;;;;
;;;;;;;
;;;;;;;
;;;;;;;
;;;;;;;
;;;;;;;
;;;;;;;
;;;;;;;
;;;;;;;
;;;;;;;
;;;;;;;
;;;;;;;
;;;;;;;
;;;;;;;
;;;;;;;
;;;;;;;
;;;;;;;
;;;;;;;
;;;;;;;
;;;;;;;
;;;;;;;
;;;;;;;
;;;;;;;
;;;;;;;
;;;;;;;
;;;;;;;
;;;;;;;
;;;;;;;
;;;;;;;
;;;;;;;
;;;;;;;
;;;;;;;
;;;;;;;
;;;;;;;
;;;;;;;
;;;;;;;
;;;;;;;
;;;;;;;
;;;;;;;
;;;;;;;
;;;;;;;
;;;;;;;
;;;;;;;
;;;;;;;
;;;;;;;
;;;;;;;
;;;;;;;
;;;;;;;
;;;;;;;
;;;;;;;
;;;;;;;
;;;;;;;
;;;;;;;
;;;;;;;
;;;;;;;
;;;;;;;
;;;;;;;
;;;;;;;
;;;;;;;
;;;;;;;
;;;;;;;
;;;;;;;
;;;;;;;
;;;;;;;
;;;;;;;
;;;;;;;
;;;;;;;
;;;;;;;
;;;;;;;
;;;;;;;
;;;;;;;
;;;;;;;
;;;;;;;
;;;;;;;
;;;;;;;
;;;;;;;
;;;;;;;
;;;;;;;
;;;;;;;
;;;;;;;
;;;;;;;
;;;;;;;
;;;;;;;
;;;;;;;
;;;;;;;
;;;;;;;
;;;;;;;
;;;;;;;
;;;;;;;
;;;;;;;
;;;;;;;
;;;;;;;
;;;;;;;
;;;;;;;
;;;;;;;
;;;;;;;
;;;;;;;
;;;;;;;
;;;;;;;
;;;;;;;
;;;;;;;
;;;;;;;
;;;;;;;
;;;;;;;
;;;;;;;
;;;;;;;
;;;;;;;
;;;;;;;
;;;;;;;
;;;;;;;
;;;;;;;
;;;;;;;
;;;;;;;
;;;;;;;
;;;;;;;
;;;;;;;
;;;;;;;
;;;;;;;
;;;;;;;
;;;;;;;
;;;;;;;
;;;;;;;
;;;;;;;
;;;;;;;
;;;;;;;
;;;;;;;
;;;;;;;
;;;;;;;
;;;;;;;
;;;;;;;
;;;;;;;
;;;;;;;
;;;;;;;
;;;;;;;
;;;;;;;
;;;;;;;
;;;;;;;
;;;;;;;
;;;;;;;
;;;;;;;
;;;;;;;
;;;;;;;
;;;;;;;
;;;;;;;
;;;;;;;
;;;;;;;
